City_ID,City,Lat,Lng,Max Temp,Humidity,Cloudiness,Windspeed,Country,Date
0,san martin,-33.081,-68.4681,14.3,19,6,3.6,AR,1722814142
1,imranli,39.8754,38.1136,16.66,67,0,1.75,TR,1722814163
2,whitehorse,60.7161,-135.0538,23.94,31,20,0.89,CA,1722814164
3,grytviken,-54.2811,-36.5092,-1.05,93,99,3.36,GS,1722813916
4,taoudenni,22.6783,-3.9836,38.76,12,0,5.28,ML,1722814013
5,holualoa,19.6228,-155.9522,26.91,85,75,4.63,US,1722814167
6,bubaque,11.2833,-15.8333,25.99,85,100,3.49,GW,1722814168
7,bardai,11.65,7.2333,21.42,90,92,3.7,NG,1722814169
8,puerto natales,-51.7236,-72.4875,1.08,98,99,0.54,CL,1722814170
9,margaret river,-33.95,115.0667,15.83,69,85,6.44,AU,1722814172
10,patong,7.8961,98.2966,25.08,83,87,4.61,TH,1722814173
11,petropavlovsk-kamchatsky,53.0452,158.6483,16.33,67,20,2.0,RU,1722814175
12,yaren,-0.5472,166.916,29.08,73,100,6.7,NR,1722814176
13,turpan,42.9333,89.1667,35.7,21,98,0.98,CN,1722814177
14,polyarnyy,69.1989,33.4478,7.76,88,2,0.48,RU,1722814179
15,fortuna,40.5982,-124.1573,16.66,93,100,4.63,US,1722814180
16,hawaiian paradise park,19.5933,-154.9731,28.26,74,75,5.14,US,1722813978
17,bethel,41.3712,-73.414,24.38,88,54,0.89,US,1722813903
18,kapuskasing,49.4169,-82.4331,21.05,45,20,5.66,CA,1722814159
19,afaahiti,-17.75,-149.2833,26.93,71,52,4.95,PF,1722814184
20,port elizabeth,-33.918,25.5701,11.16,62,0,7.2,ZA,1722813905
21,ocean city,39.2776,-74.5746,27.28,83,52,4.25,US,1722814052
22,longyearbyen,78.2186,15.6401,8.91,87,20,4.63,SJ,1722814187
23,wailua homesteads,22.0669,-159.378,28.44,67,0,6.69,US,1722814188
24,vernon,50.2581,-119.2691,38.2,21,78,1.54,CA,1722814189
25,port lincoln,-34.7333,135.8667,11.28,79,83,1.79,AU,1722814191
26,adamstown,-25.066,-130.1015,21.3,78,91,7.87,PN,1722814192
27,ust-nera,64.5667,143.2,14.29,61,25,1.44,RU,1722814193
28,thompson,55.7435,-97.8558,20.09,37,75,3.6,CA,1722814194
29,aitape,-3.1374,142.3475,25.42,86,100,1.67,PG,1722814195
30,brookings,44.3114,-96.7984,23.19,88,75,4.63,US,1722814196
31,jalalaqsi,3.3766,45.5996,22.54,76,100,7.15,SO,1722813915
32,lerwick,60.1545,-1.1494,15.0,90,100,9.82,GB,1722814198
33,albany,42.6001,-73.9662,27.27,76,44,2.3,US,1722814121
34,blackmans bay,-43.0167,147.3167,11.52,70,70,0.89,AU,1722814088
35,lazarevskoye,43.9061,39.3331,22.62,87,2,2.39,RU,1722814152
36,alice springs,-23.7,133.8833,7.75,100,100,2.57,AU,1722814152
37,kingston,17.997,-76.7936,31.53,66,20,8.75,JM,1722814204
38,ilha de mocambique,-15.0342,40.7358,22.52,77,83,0.93,MZ,1722814205
39,ushuaia,-54.8,-68.3,-0.19,59,75,4.63,AR,1722814044
40,chadan,51.2833,91.5833,15.28,65,0,0.54,RU,1722814207
41,laminusa,5.5549,120.9136,28.11,75,43,2.2,PH,1722814208
42,puerto ayora,-0.7393,-90.3518,20.86,92,72,2.24,EC,1722814209
43,porto murtinho,-21.6989,-57.8825,27.18,35,43,1.31,BR,1722814210
44,choma,-16.8065,26.9531,14.22,23,1,1.53,ZM,1722814212
45,punta arenas,-53.15,-70.9167,0.06,100,100,1.54,CL,1722814213
46,olonkinbyen,70.9221,-8.7187,7.13,98,100,3.23,SJ,1722814214
47,south hedland,-20.4089,118.5983,12.96,82,0,3.09,AU,1722814215
48,santiago de cao,-7.9589,-79.2392,17.07,88,25,4.12,PE,1722814216
49,terra santa,-2.1042,-56.4869,26.81,44,20,1.56,BR,1722814217
50,bonthe,7.5264,-12.505,24.9,86,100,2.49,SL,1722814218
51,fort bragg,35.139,-79.006,26.08,88,0,2.57,US,1722814219
52,horasan,40.0458,42.1728,17.67,66,0,0.97,TR,1722814220
53,howrah,22.5892,88.3103,29.0,94,75,2.57,IN,1722814222
54,invercargill,-46.4,168.35,10.01,78,51,3.13,NZ,1722814223
55,vadso,70.0744,29.7487,11.49,93,100,5.66,NO,1722814224
56,portland,45.5234,-122.6762,34.8,30,20,4.63,US,1722814225
57,port-aux-francais,-49.35,70.2167,1.99,68,19,7.61,TF,1722814226
58,tiksi,71.6872,128.8694,10.89,76,100,3.66,RU,1722814227
59,bamboo flat,11.7,92.7167,26.05,89,75,1.03,IN,1722814228
60,edinburgh of the seven seas,-37.0676,-12.3116,13.57,80,53,12.27,SH,1722814229
61,lesnoy,57.6198,63.0784,13.22,97,44,1.98,RU,1722814230
62,ta`u,-14.2336,-169.5144,26.77,64,100,1.6,AS,1722814231
63,chonchi,-42.6128,-73.8092,7.84,98,100,1.78,CL,1722814038
64,stanley,54.868,-1.6985,15.16,92,40,3.09,GB,1722814233
65,kita,13.0349,-9.4895,22.68,96,89,2.53,ML,1722814235
66,val-d'or,48.1002,-77.7828,20.05,45,20,5.66,CA,1722814077
67,beau vallon,-20.4189,57.6953,17.13,88,20,2.06,MU,1722814237
68,mariehamn,60.0973,19.9348,17.68,100,40,1.03,AX,1722814238
69,gaspe,48.8334,-64.4819,23.12,83,75,1.03,CA,1722814239
70,port macquarie,-31.4333,152.9167,15.6,79,100,2.24,AU,1722814240
71,geraldton,-28.7667,114.6,7.23,93,0,3.6,AU,1722814242
72,enewetak,11.3474,162.3373,28.74,76,73,3.94,MH,1722814243
73,westport,41.1415,-73.3579,24.61,87,100,5.66,US,1722814244
74,saint-philippe,-21.3585,55.7679,17.77,80,34,2.99,RE,1722814245
75,tazacorte,28.629,-17.9293,23.42,91,20,6.69,ES,1722814247
76,jonquiere,48.4165,-71.2488,20.06,86,94,1.81,CA,1722814058
77,tsiombe,-25.3,45.4833,16.25,94,0,1.71,MG,1722814249
78,auki,-8.7676,160.7034,26.05,88,100,1.74,SB,1722814250
79,hermanus,-34.4187,19.2345,4.89,65,78,7.05,ZA,1722814251
80,arawa,-6.2132,155.5367,28.28,81,86,1.26,PG,1722814252
81,utrik,11.2278,169.8474,28.54,79,61,6.29,MH,1722814253
82,crane,31.3974,-102.3501,34.54,25,30,5.82,US,1722814254
83,waitangi,-43.9535,-176.5597,9.9,73,100,1.79,NZ,1722814255
84,glendive,47.1053,-104.7125,31.79,33,0,7.2,US,1722814256
85,kargasok,59.0556,80.8572,15.7,97,91,2.23,RU,1722814258
86,kavieng,-2.5744,150.7967,28.49,72,100,4.03,PG,1722814259
87,yelizovo,53.1873,158.3805,17.08,67,20,2.0,RU,1722814260
88,west island,-12.1568,96.8225,23.99,94,75,5.14,CC,1722814261
89,jaisalmer,26.9147,70.9181,28.04,80,40,1.64,IN,1722814262
90,ak-suu,42.4995,78.527,18.09,44,49,1.94,KG,1722814263
91,taltal,-25.4,-70.4833,14.86,77,15,1.12,CL,1722814264
92,bredasdorp,-34.5322,20.0403,6.61,67,41,3.99,ZA,1722814265
93,isafjordur,66.0755,-23.124,7.52,88,65,5.45,IS,1722814071
94,pizarro,4.9533,-77.366,25.55,89,100,3.21,CO,1722814268
95,qaqortoq,60.7167,-46.0333,6.62,79,0,1.68,GL,1722814269
96,sibolga,1.7427,98.7792,25.44,73,98,0.88,ID,1722814270
97,hassi messaoud,31.6804,6.0729,31.92,27,0,1.54,DZ,1722814271
98,avarua,-21.2078,-159.775,25.03,65,4,4.12,CK,1722814272
99,iskateley,67.6803,53.1512,5.71,78,83,6.46,RU,1722814273
100,mejit,10.2753,170.8646,28.61,79,18,6.83,MH,1722814274
101,papatowai,-46.5619,169.4708,9.84,76,47,2.4,NZ,1722814275
102,atafu village,-8.5421,-172.5159,27.65,80,86,5.2,TK,1722814276
103,tura,25.5198,90.2201,24.02,98,100,2.06,IN,1722814277
104,ribeira grande,38.5167,-28.7,24.87,94,26,3.13,PT,1722814279
105,east ballina,-28.8667,153.5833,15.44,68,100,0.67,AU,1722814280
106,vila franca do campo,37.7167,-25.4333,24.23,88,17,1.65,PT,1722814281
107,bilibino,68.0546,166.4372,9.6,55,79,3.48,RU,1722814282
108,kannur,11.8675,75.3576,25.12,86,93,1.81,IN,1722814283
109,kapa'a,22.0752,-159.319,29.18,64,0,6.69,US,1722814284
110,hamilton,39.1834,-84.5333,32.22,57,0,4.12,US,1722814206
111,cabedelo,-6.9811,-34.8339,23.37,85,28,6.3,BR,1722814055
112,port saint john's,-31.6229,29.5448,14.19,60,54,7.94,ZA,1722814287
113,andorra,42.5,1.5,20.98,62,9,1.31,AD,1722814288
114,shimoda,34.6667,138.95,29.5,70,22,2.14,JP,1722814289
115,kidal,18.4411,1.4078,31.87,42,100,3.22,ML,1722814291
116,permet,40.2336,20.3517,17.94,79,0,1.57,AL,1722814292
117,taro,-8.3862,115.28,20.0,80,83,1.14,ID,1722814294
118,anadyr,64.75,177.4833,6.28,93,100,8.94,RU,1722814295
119,iqaluit,63.7506,-68.5145,5.85,86,100,2.57,CA,1722814296
120,chui,-33.6971,-53.4616,11.77,86,100,2.46,UY,1722814297
121,lozova,48.8894,36.3176,16.77,97,99,3.26,UA,1722814298
122,kodiak,57.79,-152.4072,11.73,100,100,4.12,US,1722814299
123,song cau,13.45,109.2167,25.6,81,48,1.84,VN,1722814300
124,gadzhiyevo,69.2551,33.3362,7.02,89,2,0.84,RU,1722814301
125,saipan,15.1355,145.701,29.39,84,0,4.63,MP,1722814303
126,touros,-5.1989,-35.4608,23.8,79,6,5.95,BR,1722814304
127,xining,36.6167,101.7667,15.54,70,22,1.18,CN,1722814305
128,remire-montjoly,4.9167,-52.2667,28.02,83,0,2.57,GF,1722814306
129,ubari,26.5921,12.7805,31.11,16,0,2.93,LY,1722814307
130,vorgashor,67.5833,63.95,7.12,70,96,5.48,RU,1722814308
131,mikhaylovka,50.06,43.2379,22.06,54,100,1.64,RU,1722814309
132,ongjin,37.9347,125.3619,27.85,83,31,4.14,KP,1722814310
133,pangody,65.85,74.4859,11.93,60,97,7.54,RU,1722814311
134,georgetown,5.4112,100.3354,26.64,84,20,1.03,MY,1722814214
135,laguna,38.421,-121.4238,39.8,20,0,5.14,US,1722814314
136,llanelli,51.682,-4.1619,17.94,87,75,12.35,GB,1722814235
137,lompoc,34.6391,-120.4579,22.74,75,0,7.2,US,1722814316
138,carnarvon,-24.8667,113.6333,15.53,52,0,4.45,AU,1722814036
139,coruripe,-10.1256,-36.1756,22.93,71,36,4.64,BR,1722814318
140,sawakin,19.1059,37.3321,34.21,54,85,2.84,SD,1722814319
141,ulsteinvik,62.3432,5.8487,14.62,91,100,0.68,NO,1722814320
142,codrington,-38.2667,141.9667,9.37,62,92,3.22,AU,1722814321
143,figuig (centre),32.1089,-1.2286,32.86,13,91,3.77,MA,1722814322
144,anar darah,32.7587,61.654,28.41,17,0,4.08,AF,1722814323
145,nemuro,43.3236,145.575,15.46,99,100,2.63,JP,1722814325
146,jamestown,42.097,-79.2353,25.8,50,0,3.09,US,1722814326
147,uturoa,-16.7333,-151.4333,24.5,70,2,7.36,PF,1722814327
148,harstad,68.799,16.5293,15.66,75,45,1.22,NO,1722814329
149,san rafael del yuma,18.4299,-68.6739,28.76,84,94,3.43,DO,1722814330
150,sechura,-5.5569,-80.8222,19.44,71,45,7.7,PE,1722814331
151,nikolayevsk-on-amure,53.1406,140.73,17.44,55,99,1.99,RU,1722814332
152,labuan bajo,-8.4964,119.8877,25.01,65,37,1.46,ID,1722814334
153,saint-pierre,-21.3393,55.4781,17.82,59,0,4.12,RE,1722814335
154,ponta pora,-22.5361,-55.7256,23.4,36,4,3.44,BR,1722814336
155,coquimbo,-29.9533,-71.3436,12.77,70,100,2.57,CL,1722814135
156,sinabang,2.4803,96.3801,25.66,86,97,1.78,ID,1722814338
157,yellowknife,62.456,-114.3525,22.29,71,75,3.6,CA,1722814339
158,nar'yan-mar,67.6713,53.087,5.77,78,82,6.49,RU,1722814340
159,suntar,62.1444,117.6319,17.6,67,95,1.76,RU,1722814341
160,kuta,-8.7233,115.1723,23.97,88,40,2.06,ID,1722814343
161,yeed,4.55,43.0333,22.31,71,78,8.22,SO,1722814344
162,maumere,-8.6199,122.2111,25.58,74,40,1.53,ID,1722814345
163,mentougou,39.9392,116.0917,24.52,74,46,0.5,CN,1722814346
164,mandla,22.6,80.3833,22.6,98,88,1.37,IN,1722814347
165,kirksville,40.1948,-92.5833,32.25,56,0,3.09,US,1722814348
166,castillos,-34.1667,-53.8333,10.91,81,100,2.29,UY,1722814349
167,dalandzadgad,43.5708,104.425,22.81,38,94,5.44,MN,1722814350
168,bodden town,19.2833,-81.25,31.1,80,20,2.06,KY,1722814351
169,palpa,-14.5336,-75.1856,17.95,64,0,1.37,PE,1722814352
170,colonia,50.9333,6.95,18.23,84,0,1.03,DE,1722814355
171,aasiaat,68.7098,-52.8699,3.38,88,26,2.49,GL,1722814356
172,misratah,32.3754,15.0925,27.94,63,0,1.72,LY,1722814357
173,east london,-33.0153,27.9116,13.88,53,59,9.45,ZA,1722814284
174,shahrak,34.1074,64.3052,15.39,32,0,1.97,AF,1722814359
175,port mathurin,-19.6833,63.4167,21.99,74,14,6.46,MU,1722814360
176,san antonio de pale,-1.4014,5.6325,22.18,73,100,3.65,GQ,1722814154
177,mangrol,21.1167,70.1167,27.4,87,100,8.2,IN,1722814362
178,caleta de carquin,-11.0925,-77.6267,17.28,80,10,5.07,PE,1722814363
179,st. john's,47.5649,-52.7093,21.82,95,75,5.66,CA,1722814174
180,talnakh,69.4865,88.3972,10.15,62,0,4.69,RU,1722814082
181,norderney,53.7,7.15,17.23,68,100,4.62,DE,1722814367
182,tolanaro,-25.0319,46.9987,21.04,78,20,7.2,MG,1722814368
183,ordynskoye,54.3656,81.8994,15.8,89,85,2.02,RU,1722814369
184,emerald,-23.5333,148.1667,17.97,73,0,5.63,AU,1722814370
185,priob'ye,62.5206,65.5964,14.81,90,67,0.03,RU,1722814371
186,sosnogorsk,63.6023,53.8817,12.8,99,72,2.3,RU,1722814372
187,ilulissat,69.2167,-51.1,8.01,81,75,1.54,GL,1722814373
188,arraial do cabo,-22.9661,-42.0278,21.98,94,20,6.17,BR,1722814374
189,illizi,26.4833,8.4667,33.89,18,44,3.02,DZ,1722814375
190,saint john,45.2727,-66.0677,22.57,88,75,3.6,CA,1722814365
191,hithadhoo,-0.6,73.0833,28.67,74,100,5.07,MV,1722814379
192,lupon,6.8981,126.0096,26.01,81,99,1.61,PH,1722814380
193,gobabis,-22.45,18.9667,10.8,19,0,5.25,NA,1722814381
194,port isabel,26.0734,-97.2086,33.05,73,0,5.66,US,1722814382
195,rib mountain,44.9128,-89.6754,27.42,67,75,2.57,US,1722814383
196,wanganui,-39.9333,175.05,11.14,62,99,3.6,NZ,1722814384
197,cidreira,-30.1811,-50.2056,16.36,99,100,2.13,BR,1722814385
198,new norfolk,-42.7826,147.0587,12.18,60,66,2.74,AU,1722814386
199,lazaro cardenas,17.9583,-102.2,29.89,67,74,3.64,MX,1722814104
200,labrador city,52.9463,-66.9114,15.95,65,75,4.02,CA,1722814388
201,namsos,64.4662,11.4957,14.95,88,20,0.0,NO,1722814390
202,kristiansund,63.1115,7.732,16.03,93,100,1.03,NO,1722814392
203,muynoq,43.7683,59.0214,27.63,30,23,4.27,UZ,1722814393
204,mingora,34.7758,72.3625,23.1,87,88,1.71,PK,1722814394
205,pechora,65.1472,57.2244,11.66,94,88,3.08,RU,1722814395
206,adh dhibiyah,24.5014,45.9686,29.68,19,69,2.79,SA,1722814396
207,flying fish cove,-10.4217,105.6791,23.82,94,100,3.6,CX,1722814223
208,gillette,44.2911,-105.5022,35.51,18,0,4.92,US,1722814398
209,horta,38.5333,-28.6333,24.45,94,40,3.13,PT,1722814399
210,yuza,39.0,139.9167,28.03,80,20,2.15,JP,1722814400
211,nguigmi,14.2495,13.1092,29.16,57,100,6.87,NE,1722814402
212,manismata,-2.4667,111.0333,20.76,98,41,1.28,ID,1722814172
213,ancud,-41.8697,-73.8203,7.96,93,100,7.93,CL,1722814404
214,corner brook,48.9667,-57.9484,24.09,98,100,2.1,CA,1722814405
215,menaka,15.9182,2.4022,27.44,67,100,6.51,ML,1722814406
216,shingu,33.7333,135.9833,29.98,71,3,1.45,JP,1722814407
217,zouerate,22.7187,-12.4521,31.82,35,8,7.24,MR,1722814408
218,saint-joseph,-21.3667,55.6167,17.21,79,16,2.97,RE,1722814409
219,lihue,21.9789,-159.3672,28.77,63,0,6.69,US,1722814142
220,inarajan village,13.2736,144.7484,28.55,87,98,5.19,GU,1722814411
221,qandala,11.472,49.8728,31.58,55,46,2.32,SO,1722814412
222,elizabethtown,37.694,-85.8591,31.16,53,40,0.0,US,1722814166
223,benque viejo el carmen,17.075,-89.1392,35.01,52,20,2.06,BZ,1722814415
224,tazovsky,67.4667,78.7,7.0,72,98,5.23,RU,1722814416
225,quellon,-43.1167,-73.6167,7.18,95,100,1.98,CL,1722814268
226,fuglafjordur,62.244,-6.814,12.26,98,100,13.49,FO,1722814419
227,pavlovsk,50.4578,40.1081,16.14,97,91,2.71,RU,1722814420
228,boonville,38.9736,-92.7432,34.69,49,0,0.0,US,1722814421
229,port hedland,-20.3167,118.5667,13.03,82,0,3.09,AU,1722814422
230,haiku-pauwela,20.9219,-156.3051,29.54,62,20,11.32,US,1722814423
231,selfoss,63.9331,-20.9971,11.14,75,100,11.98,IS,1722814424
232,kulattur,9.0167,78.2,27.39,73,100,4.31,IN,1722814426
233,watford city,47.8022,-103.2832,20.92,64,0,7.72,US,1722814427
234,nabire,-3.3667,135.4833,25.02,89,100,0.51,ID,1722814429
235,shenjiamen,29.9576,122.298,28.66,82,38,5.09,CN,1722814430
236,lebu,-37.6167,-73.65,9.94,91,100,12.74,CL,1722814431
237,zhezqazghan,47.7833,67.7667,21.3,38,2,2.6,KZ,1722814432
238,whangarei,-35.7317,174.3239,14.23,57,91,1.91,NZ,1722814433
239,gaiman,-43.2897,-65.4929,10.52,49,41,2.33,AR,1722814434
240,klyuchi,52.2667,79.1667,17.87,78,75,2.31,RU,1722814435
241,fisterra,42.9049,-9.2629,19.3,93,0,4.53,ES,1722814438
242,new kingman-butler,35.265,-114.0323,41.06,16,9,2.24,US,1722814439
243,nitra,48.3076,18.0845,16.08,85,85,1.2,SK,1722814440
244,ballina,-28.8667,153.5667,16.45,68,100,0.67,AU,1722814441
245,kill devil hills,36.0307,-75.676,26.66,86,0,6.17,US,1722814442
246,abnub,27.2696,31.1511,30.12,22,17,1.64,EG,1722814443
247,ban dan lan hoi,17.0068,99.575,24.81,89,100,1.97,TH,1722814444
248,palikir - national government center,6.9248,158.1611,31.41,74,75,4.63,FM,1722814245
249,port alfred,-33.5906,26.891,12.44,60,43,10.17,ZA,1722814447
250,kaa-khem,51.6833,94.7333,18.24,81,58,0.99,RU,1722814448
251,namibe,-15.1961,12.1522,15.61,87,1,1.58,AO,1722814449
252,matoury,4.8483,-52.3317,27.98,83,0,1.54,GF,1722814450
253,college,64.8569,-147.8028,24.14,53,75,2.57,US,1722814451
254,badger,64.8,-147.5333,24.09,52,0,2.57,US,1722814452
255,bratsk,56.1325,101.6142,12.97,80,100,1.03,RU,1722814453
256,kapenguria,1.2511,35.0895,14.46,84,57,1.23,KE,1722814454
257,cabo san lucas,22.8909,-109.9124,33.61,48,20,4.12,MX,1722814455
258,lhasa,29.65,91.1,11.57,91,99,2.45,CN,1722814456
259,dongning,44.0622,131.1207,20.88,90,100,2.82,CN,1722814457
260,"laikit, laikit ii (dimembe)",1.4792,124.9735,25.47,78,20,3.09,ID,1722814459
261,south valley,35.0101,-106.6781,37.01,22,40,4.12,US,1722814460
262,carutapera,-1.195,-46.02,25.73,80,38,3.38,BR,1722814461
263,tofol,5.3248,163.0078,30.88,70,75,2.57,FM,1722814462
264,sisimiut,66.9395,-53.6735,9.04,76,92,1.88,GL,1722814464
265,adrar,20.5022,-10.0711,31.71,35,100,5.52,MR,1722814466
266,cizre,37.3272,42.1903,29.56,20,0,3.6,TR,1722814467
267,nuuk,64.1835,-51.7216,8.34,76,70,3.09,GL,1722814469
268,la foa,-21.7108,165.8276,21.3,51,32,6.55,NC,1722814470
269,megion,61.0296,76.1136,15.01,90,100,1.12,RU,1722814471
270,kuching,1.55,110.3333,27.21,91,20,1.03,MY,1722814220
271,sohar,24.3643,56.7468,32.01,84,100,4.12,OM,1722814473
272,pudozh,61.8099,36.5345,12.21,94,50,1.89,RU,1722814474
273,mabaruma,8.2,-59.7833,24.08,95,100,1.11,GY,1722814475
274,ciudad melchor muzquiz,27.8833,-101.5167,35.92,25,21,4.98,MX,1722814476
275,ormara,25.2088,64.6357,26.81,89,100,3.5,PK,1722814477
276,as sulayyil,20.4607,45.5779,35.14,16,100,4.01,SA,1722814478
277,smithers,54.7804,-127.1743,28.18,20,0,3.6,CA,1722814479
278,nacala,-14.5428,40.6728,18.76,93,54,1.42,MZ,1722814481
279,udachny,66.4167,112.4,19.57,45,69,4.64,RU,1722814482
280,choibalsan,48.0667,114.5,19.22,66,2,5.93,MN,1722814483
281,baiti,13.745,-14.7482,23.39,98,100,2.32,SN,1722814484
282,broome,42.2506,-75.833,25.86,77,5,1.67,US,1722814485
283,odesskoye,54.2111,72.9651,14.25,89,14,3.11,RU,1722814486
284,da nang,16.0678,108.2208,24.99,88,0,1.54,VN,1722814488
285,oranjemund,-28.55,16.4333,10.67,80,2,3.22,NA,1722814489
286,vilyuchinsk,52.9306,158.4028,17.15,69,58,1.31,RU,1722814491
287,hadibu,12.65,54.0333,25.46,83,86,10.04,YE,1722814492
288,pervomayskoye,43.919,46.7102,22.43,72,0,3.2,RU,1722814493
289,bredy,52.4153,60.3411,14.46,84,23,3.67,RU,1722814494
290,mansa,29.9833,75.3833,28.55,75,64,4.26,IN,1722814495
291,northam,51.0333,-4.2167,16.48,89,69,6.06,GB,1722814496
292,hauterive,46.0901,3.4459,16.42,94,97,0.97,FR,1722814497
293,kittila,67.6647,24.8936,12.56,93,0,0.51,FI,1722814498
294,baharly,38.4362,57.4316,29.65,22,53,0.97,TM,1722814500
295,hammerfest,70.6634,23.6821,18.25,68,0,2.06,NO,1722814501
296,khamis mushait,18.3064,42.7292,20.34,77,20,0.0,SA,1722814503
297,al khums,32.6486,14.2619,26.52,82,0,3.21,LY,1722814504
298,santana do livramento,-30.8908,-55.5328,13.39,99,100,5.95,BR,1722814505
299,mahibadhoo,3.7833,72.9667,28.43,73,98,3.51,MV,1722814506
300,rockingham,42.9668,-71.0995,23.36,86,100,1.26,US,1722814507
301,sitka,57.0531,-135.33,23.6,44,1,1.62,US,1722814508
302,mount isa,-20.7333,139.5,20.87,52,100,1.54,AU,1722814509
303,newman,37.3138,-121.0208,39.13,11,0,4.45,US,1722814510
304,viedma,-40.8135,-62.9967,11.27,45,99,4.52,AR,1722814353
305,keflavik,64.0049,-22.5624,11.95,87,100,7.72,IS,1722814512
306,torzhok,57.0436,34.9622,12.49,97,15,2.29,RU,1722814514
307,lauro de freitas,-12.8944,-38.3272,25.01,65,40,5.66,BR,1722814413
308,thunder bay,48.4001,-89.3168,20.95,49,75,3.09,CA,1722814516
309,makurazaki,31.2667,130.3167,29.68,73,4,1.78,JP,1722814517
310,sulphur,30.2366,-93.3774,34.98,55,40,3.6,US,1722814518
311,makueni boma,-1.8041,37.6203,13.92,91,75,0.25,KE,1722814519
312,parelhas,-6.6878,-36.6575,22.03,76,68,8.13,BR,1722814520
313,lorengau,-2.0226,147.2712,28.43,76,99,3.45,PG,1722814522
314,nantucket,41.2835,-70.0995,25.56,91,40,6.69,US,1722814427
315,kailua-kona,19.6406,-155.9956,28.98,83,75,4.63,US,1722814525
316,tromso,69.6496,18.957,14.01,77,0,1.54,NO,1722814498
317,rodolfo sanchez taboada,31.7167,-116.5667,24.5,61,90,1.34,MX,1722814527
318,moyobamba,-6.05,-76.9667,22.46,69,37,0.95,PE,1722814528
319,daru,-9.0763,143.2092,24.75,89,100,6.17,PG,1722814529
320,francistown,-21.17,27.5079,17.98,17,0,3.86,BW,1722814530
321,puerto leguizamo,-0.1934,-74.7819,23.21,97,90,1.28,CO,1722814531
322,george town,5.4112,100.3354,26.64,84,20,1.03,MY,1722814346
323,victorica,-36.2151,-65.4359,14.72,44,33,8.34,AR,1722814533
324,demidov,55.2706,31.515,12.44,91,56,1.52,RU,1722814534
325,betio village,1.358,172.9211,30.02,68,54,6.47,KI,1722814536
326,puerto baquerizo moreno,-0.9,-89.6,20.11,82,55,5.61,EC,1722814537
327,conception bay south,47.4999,-52.9981,21.69,95,99,4.14,CA,1722814262
328,saldanha,-33.0117,17.9442,4.03,59,50,1.63,ZA,1722814357
329,doaba,33.4244,70.7364,26.42,80,86,0.71,PK,1722814540
330,mao,39.8885,4.2658,24.31,78,0,2.06,ES,1722814541
331,mamuju,-2.6748,118.8885,26.76,82,39,1.73,ID,1722814542
332,manta,-0.95,-80.7333,24.88,73,40,7.2,EC,1722814522
333,yanchep,-31.55,115.6833,9.01,77,0,3.3,AU,1722814544
334,parry sound,45.3501,-80.033,25.03,57,80,2.89,CA,1722814511
335,mitsamiouli,-11.3847,43.2844,24.49,63,12,2.77,KM,1722814548
336,nova vicosa,-17.8919,-39.3719,22.08,88,11,3.68,BR,1722814549
337,aykhal,66.0,111.5,18.67,45,71,5.57,RU,1722814550
338,hilvan,37.5869,38.9551,27.49,50,0,4.12,TR,1722814551
339,north platte,41.1239,-100.7654,36.1,25,0,6.17,US,1722814552
340,magadan,59.5667,150.8,15.64,72,12,1.15,RU,1722814553
341,benguela,-12.5763,13.4055,18.84,86,72,2.28,AO,1722814554
342,nagqu,31.5,92.0,4.39,81,0,1.17,CN,1722814555
343,manacapuru,-3.2997,-60.6206,28.84,52,76,1.29,BR,1722814556
344,namdrik,5.5994,168.1028,28.59,75,90,5.04,MH,1722814557
345,parit raja,1.8681,103.1124,23.57,96,90,0.76,MY,1722814558
346,olive branch,34.9618,-89.8295,33.19,46,20,4.63,US,1722814560
347,pennagaram,12.1333,77.9,24.21,84,95,1.38,IN,1722814562
348,xinyuan,37.3,99.0,9.0,81,1,1.07,CN,1722814564
349,altar,30.7,-111.8167,40.15,25,4,5.12,MX,1722814565
350,akrehamn,59.2667,5.1833,13.89,69,43,1.68,NO,1722814566
351,kurtamysh,54.9103,64.4319,13.95,95,20,3.42,RU,1722814567
352,san jose de guanipa,8.8872,-64.1651,26.1,76,100,2.68,VE,1722814568
353,orcopampa,-15.2661,-72.3417,6.64,40,23,1.9,PE,1722814569
354,susuman,62.7833,148.1667,16.41,40,12,1.74,RU,1722814571
355,olinda,-8.0089,-34.8553,23.85,88,40,6.17,BR,1722814572
356,floro,61.5996,5.0328,14.98,82,100,2.06,NO,1722814573
357,athlone,53.4333,-7.95,19.2,85,96,6.6,IE,1722814574
358,jacmel,18.2342,-72.5347,27.9,83,84,2.94,HT,1722814575
359,tosno,59.54,30.8775,15.94,96,91,0.58,RU,1722814576
360,i-n-salah,27.1935,2.4607,37.43,10,19,5.35,DZ,1722814577
361,dongola,19.1667,30.4833,26.97,77,90,8.44,SD,1722814578
362,port arthur,38.8,121.2667,27.12,90,100,2.68,CN,1722814579
363,murzuq,25.9155,13.9184,30.3,15,0,4.86,LY,1722814581
364,kyzyl-mazhalyk,51.1333,90.6,16.5,58,2,0.34,RU,1722814582
365,linares,-35.85,-71.6,9.51,88,100,2.75,CL,1722814351
366,callao,-12.0667,-77.15,18.73,72,75,5.14,PE,1722814585
367,mananjary,-21.2167,48.3333,17.14,93,6,2.18,MG,1722814586
368,paita,-5.0892,-81.1144,18.81,79,46,7.08,PE,1722814525
369,greymouth,-42.4667,171.2,6.71,93,100,2.2,NZ,1722814588
370,naze,28.3667,129.4833,29.51,73,20,6.78,JP,1722814589
371,biltine,14.5333,20.9167,22.17,94,100,6.12,TD,1722814590
372,nouadhibou,20.931,-17.0347,23.99,88,40,3.6,MR,1722814591
373,saint-francois,46.4154,3.9054,15.69,95,0,1.54,FR,1722814592
374,thongwa,16.7619,96.5278,26.09,91,100,2.06,MM,1722814593
375,arvayheer,46.2639,102.775,16.98,50,45,1.69,MN,1722814595
376,queenstown,-31.8976,26.8753,6.68,82,99,2.27,ZA,1722814596
377,yanam,16.7333,82.2167,25.59,91,58,1.32,IN,1722814597
378,oak grove,45.4168,-122.6401,34.49,29,20,4.63,US,1722814598
379,veraval,20.9,70.3667,27.25,87,100,8.02,IN,1722814599
380,ola,59.5833,151.2833,15.37,74,14,1.63,RU,1722814600
381,trincomalee,8.5711,81.2335,26.01,84,71,5.92,LK,1722814601
382,roma,43.2128,-75.4557,25.32,89,12,2.51,US,1722814602
383,dudinka,69.4058,86.1778,8.64,60,0,8.01,RU,1722814603
384,kabompo,-13.5927,24.2008,14.15,30,1,2.45,ZM,1722814604
385,labytnangi,66.6572,66.4183,9.21,61,100,9.58,RU,1722814605
386,rongelap,11.1635,166.8941,28.73,78,53,6.07,MH,1722814607
387,sandpoint,48.2766,-116.5533,24.27,66,0,2.24,US,1722814608
388,tangalle,6.024,80.7911,26.09,80,100,5.23,LK,1722814610
389,luninyets,52.2472,26.8047,17.8,58,57,2.29,BY,1722814611
390,bentiu,9.2333,29.8333,21.93,97,97,2.89,SS,1722814612
391,inhambane,-23.865,35.3833,18.22,82,9,4.73,MZ,1722814613
392,merizo village,13.2658,144.6691,28.32,87,98,5.21,GU,1722814614
393,gizo,-8.103,156.8419,26.42,83,100,2.66,SB,1722814615
394,fort st. john,56.2499,-120.8529,12.94,88,75,2.06,CA,1722814616
395,impfondo,1.6381,18.0667,22.29,95,97,1.18,CG,1722814617
396,calama,-22.4667,-68.9333,14.27,19,0,4.63,CL,1722814618
397,stawell,-37.05,142.7667,8.97,68,100,1.39,AU,1722814620
398,upata,8.0086,-62.3989,26.77,94,100,1.27,VE,1722814413
399,ko pha ngan,9.7578,100.0291,24.38,75,100,5.07,TH,1722814622
400,esquina,-30.0144,-59.5272,12.92,85,100,3.62,AR,1722814623
401,dryden,49.7833,-92.7503,20.16,52,40,2.06,CA,1722814624
402,birjand,32.8663,59.2211,26.26,14,0,4.12,IR,1722814625
403,brisas de zicatela,15.8369,-97.0419,27.29,94,100,3.09,MX,1722814626
404,yoloten,37.2989,62.3597,27.28,20,2,4.31,TM,1722814627
405,grand falls-windsor,48.9332,-55.6649,21.41,92,98,2.26,CA,1722814628
406,nahrin,36.0649,69.1334,23.4,30,0,1.23,AF,1722814630
407,hasaki,35.7333,140.8333,30.16,73,2,1.77,JP,1722814631
408,pampa,35.5362,-100.9599,36.43,24,0,1.54,US,1722814632
409,metlili chaamba,32.2667,3.6333,31.52,14,0,3.09,DZ,1722814633
410,karratha,-20.7377,116.8463,17.05,61,0,7.42,AU,1722814522
411,bako,5.7833,36.5667,18.17,85,63,1.23,ET,1722814635
412,kiunga,-6.1219,141.2906,23.48,92,100,1.66,PG,1722814636
413,charlestown,-32.95,151.6667,14.27,82,100,0.89,AU,1722814564
414,sulak,43.2734,47.5146,25.43,71,1,4.99,RU,1722814638
415,carora,10.1755,-70.0827,29.94,49,23,8.6,VE,1722814639
416,kirishi,59.4471,32.0205,13.34,96,83,1.02,RU,1722814641
417,san patricio,28.017,-97.5169,33.42,51,4,6.57,US,1722814642
418,mawu,34.4307,104.9176,16.14,87,16,2.1,CN,1722814643
419,walvis bay,-22.9575,14.5053,11.16,81,14,2.06,NA,1722814530
420,p'ot'i,42.1462,41.672,21.96,95,6,2.31,GE,1722814645
421,mugia,43.1041,-9.2179,19.39,93,1,3.62,ES,1722814646
422,taksimo,56.3444,114.8794,18.86,67,52,1.17,RU,1722814647
423,nanaimo,49.1663,-123.936,27.05,44,20,4.12,CA,1722814559
424,novhorod-sivers'kyy,52.0058,33.2615,17.68,62,83,2.32,UA,1722814649
425,orchard homes,46.8633,-114.0484,23.0,88,100,4.12,US,1722814650
426,mirny,62.5353,113.9611,17.56,52,77,2.62,RU,1722814651
427,guerrero negro,27.9769,-114.0611,24.39,64,20,6.58,MX,1722814654
428,luwuk,-0.9516,122.7875,24.75,77,81,2.92,ID,1722814456
429,praia da vitoria,38.7333,-27.0667,25.14,88,20,2.88,PT,1722814656
430,el calafate,-50.3408,-72.2768,0.82,97,99,2.76,AR,1722814551
431,omdurman,15.6445,32.4777,29.68,57,4,6.55,SD,1722814658
432,santa elena de uairen,4.6167,-61.1333,19.54,90,99,0.6,VE,1722814659
433,korla,41.7597,86.1469,29.07,28,25,2.9,CN,1722814477
434,vorkuta,67.5,64.0,7.81,69,98,5.44,RU,1722814662
435,plastun,44.7561,136.2939,18.52,58,70,1.74,RU,1722814664
436,makassar,-5.14,119.4221,20.03,88,20,1.54,ID,1722814665
437,silkeborg,56.1697,9.5451,12.59,92,0,3.64,DK,1722814667
438,strathmore,51.0501,-113.3852,24.67,43,100,4.63,CA,1722814668
439,freetown,8.484,-13.2299,25.84,83,75,4.63,SL,1722814649
440,jayapura,-2.5333,140.7,26.66,74,100,1.87,ID,1722814670
441,neka,36.6508,53.299,22.73,94,0,2.06,IR,1722814671
442,mount gambier,-37.8333,140.7667,9.8,59,87,1.61,AU,1722814672
443,puerto cabezas,14.0351,-83.3888,29.98,84,75,2.06,NI,1722814673
444,pedernales,18.0384,-71.744,29.14,71,29,5.06,DO,1722814675
445,papao,-17.75,-149.55,27.82,71,23,5.81,PF,1722814676
446,mikkeli,61.6886,27.2723,16.06,88,100,0.51,FI,1722814677
447,meiganga,6.5167,14.3,18.69,98,100,1.01,CM,1722814678
448,luderitz,-26.6481,15.1594,12.48,82,42,4.9,NA,1722814679
449,poyang,28.9924,116.6675,30.23,68,43,4.44,CN,1722814683
450,natal,-5.795,-35.2094,23.36,88,20,3.09,BR,1722814422
451,nenagh,52.8619,-8.1967,18.3,91,84,5.71,IE,1722814686
452,magdagachi,53.45,125.8,16.71,99,100,3.05,RU,1722814687
453,howard springs,-12.497,131.047,23.95,99,84,3.69,AU,1722814688
454,salym,60.0625,71.4789,15.73,82,88,1.11,RU,1722814690
455,gambiran satu,-8.3939,114.1464,23.23,83,71,0.52,ID,1722814692
456,kerikeri,-35.2268,173.9474,14.19,59,84,2.19,NZ,1722814693
457,duyun,26.2667,107.5167,23.09,95,99,1.57,CN,1722814694
458,karatau,43.1667,70.4667,22.78,29,0,3.47,KZ,1722814695
459,yemva,62.59,50.8594,13.2,100,82,2.34,RU,1722814696
460,san isidro de curuguaty,-24.5167,-55.7,25.86,44,86,1.25,PY,1722814697
461,sen monorom,12.45,107.2,21.64,97,87,0.83,KH,1722814698
462,lubango,-14.9172,13.4925,16.92,45,0,4.12,AO,1722814699
463,broken hill,-31.95,141.4333,10.05,84,100,1.61,AU,1722814701
464,melekeok village,7.4957,134.6367,30.31,74,75,2.06,PW,1722814702
465,kayangel,8.0823,134.7173,28.82,74,85,5.24,PW,1722814704
466,puruaran,19.1,-101.5333,24.89,80,78,1.58,MX,1722814705
467,margherita,27.2833,95.6833,24.95,95,100,0.73,IN,1722814706
468,la malbaie,47.6575,-70.1559,21.57,86,50,1.68,CA,1722814707
469,sanming,26.2486,117.6186,27.23,76,100,0.45,CN,1722814708
470,huarmey,-10.0681,-78.1522,17.35,83,6,4.56,PE,1722814709
471,mossoro,-5.1875,-37.3442,27.97,57,0,4.12,BR,1722814708
472,kashgar,39.4547,75.9797,24.56,60,20,3.0,CN,1722814712
473,qutqashen,40.9814,47.8458,18.11,53,3,2.59,AZ,1722814713
474,port augusta,-32.5,137.7667,12.58,69,100,2.43,AU,1722814714
475,isangel,-19.55,169.2667,23.06,64,40,3.09,VU,1722814715
476,asau,46.4333,26.4,16.27,77,42,1.77,RO,1722814716
477,gisborne,-38.6533,178.0042,10.99,58,37,1.13,NZ,1722814717
478,santa terezinha,-29.9002,-50.0904,16.62,99,100,1.96,BR,1722814718
479,bozoum,6.3193,16.3799,20.1,96,100,0.73,CF,1722814719
480,zhanaozen,43.3,52.8,27.69,34,40,6.05,KZ,1722814720
481,al jahra',29.3375,47.6581,36.46,18,2,5.88,KW,1722814723
482,camocim,-2.9022,-40.8411,25.11,78,4,7.91,BR,1722814724
483,ar ruways,24.1103,52.7306,32.22,60,25,4.93,AE,1722814725
484,parauapebas,-6.0675,-49.9022,25.42,37,6,1.05,BR,1722814726
485,jacksonville,30.3322,-81.6556,27.0,91,100,8.75,US,1722814455
486,fada,7.25,4.0667,20.91,97,76,1.11,NG,1722814728
487,sedalia,38.7045,-93.2283,34.12,40,0,2.57,US,1722814671
488,kununurra,-15.7667,128.7333,20.99,73,3,0.51,AU,1722814730
489,kirakira,-10.4544,161.9205,26.05,88,96,5.74,SB,1722814731
490,makokou,0.5738,12.8642,22.4,75,95,1.85,GA,1722814732
491,erzincan,39.75,39.5,16.61,55,0,1.03,TR,1722814734
492,acajutla,13.5928,-89.8275,27.81,77,42,1.69,SV,1722814735
493,mouila,-1.8685,11.0559,21.11,75,83,1.12,GA,1722814736
494,mhamid,29.82,-5.72,35.09,10,0,1.86,MA,1722814737
495,teguise,29.0605,-13.564,20.12,78,20,6.17,ES,1722814738
496,diu,20.7141,70.9822,27.0,88,100,7.47,IN,1722814739
497,yagoua,10.3411,15.2329,22.1,88,100,2.32,CM,1722814740
498,soio,-6.1349,12.3689,20.27,86,43,2.93,AO,1722814742
499,porto novo,6.4965,2.6036,24.27,80,79,3.36,BJ,1722814743
500,orhangazi,40.4892,29.3089,22.84,52,3,1.75,TR,1722814744
501,calvinia,-31.4707,19.776,1.14,98,32,1.83,ZA,1722814745
502,feijo,-8.1642,-70.3536,26.99,61,52,1.01,BR,1722814746
503,ayorou,14.7308,0.9174,28.1,64,100,4.57,NE,1722814747
504,nadi,-17.8,177.4167,25.0,69,40,6.69,FJ,1722814748
505,lamu,-2.2717,40.902,23.57,74,38,5.74,KE,1722814749
506,olyokminsk,60.3736,120.4264,15.07,97,100,2.77,RU,1722814751
507,awjilah,29.1081,21.2869,27.99,41,0,3.68,LY,1722814752
508,mahina,-17.5065,-149.489,27.87,57,20,1.54,PF,1722814753
509,kletskaya,49.3145,43.0584,21.84,62,83,1.09,RU,1722814754
510,khandyga,62.6667,135.6,19.32,45,80,2.92,RU,1722814755
511,al bardiyah,31.7561,25.0865,25.5,79,0,4.93,LY,1722814756
512,kangding,30.0513,101.9603,17.9,85,5,2.05,CN,1722814757
